source;target;pre_link;post_link
71645;1885;0;1
8054;1948;1;1
3723;1948;1;1
8158;2962;0;1
92218;2962;0;1
38961;2962;0;1
8147;2962;0;1
8141;2962;0;1
8052;3719;1;0
80672;3719;1;0
57772;3719;1;0
84454;3719;0;1
8042;3719;1;0
8132;3723;1;1
109329;3723;0;1
100272;3723;1;1
8128;3723;1;1
102130;3723;0;1
8142;3723;1;1
64655;3723;0;1
8151;3723;1;0
1948;3723;1;1
38967;3723;1;0
65591;3723;0;1
55724;8037;0;1
85773;8037;1;0
8045;8039;1;1
38933;8040;1;1
89910;8040;0;1
8050;8040;1;0
8048;8041;1;0
8050;8041;1;0
8055;8042;1;1
8052;8042;1;0
57772;8042;1;1
8051;8042;0;1
3719;8042;1;0
113133;8042;0;1
38938;8042;0;1
8039;8045;1;1
38933;8047;0;1
8041;8048;1;0
68016;8049;1;0
38937;8049;1;1
8105;8049;1;1
68560;8049;1;1
8117;8049;0;1
8285;8049;1;1
8284;8049;1;1
8112;8049;1;1
8082;8049;1;1
56576;8049;0;1
76847;8049;0;1
55572;8049;1;1
39034;8049;1;1
91368;8049;0;1
39044;8049;1;1
39043;8049;0;1
38951;8049;1;0
39028;8049;1;1
8041;8050;1;0
76403;8050;0;1
8040;8050;1;0
38933;8050;1;0
8042;8051;0;1
8055;8051;0;1
57772;8052;1;1
80672;8052;1;0
3719;8052;1;0
8055;8052;1;1
8042;8052;1;0
8178;8053;1;0
38934;8054;0;1
1948;8054;1;1
8061;8054;1;1
8060;8054;1;1
65383;8054;1;1
78878;8054;0;1
8042;8055;1;1
8052;8055;1;1
57772;8055;1;1
8059;8055;1;0
80672;8055;1;0
8051;8055;0;1
57108;8059;1;1
8140;8059;1;1
8055;8059;1;0
113133;8059;1;0
8054;8060;1;1
38931;8060;1;0
38934;8061;1;0
38931;8061;1;1
65383;8061;0;1
116369;8061;0;1
8054;8061;1;1
113222;8077;1;1
38958;8077;1;1
8163;8077;1;1
67334;8077;1;1
8167;8077;1;1
8113;8077;1;1
73252;8077;1;1
38966;8077;1;1
38957;8077;1;1
101310;8077;0;1
66876;8077;1;0
55572;8082;1;1
8285;8082;1;1
8124;8082;0;1
8112;8082;1;1
8284;8082;1;1
39034;8082;1;1
8049;8082;1;1
68016;8082;1;0
39043;8082;0;1
39044;8082;1;1
56576;8082;0;1
8105;8082;1;1
38951;8082;1;0
8095;8082;0;1
91368;8082;0;1
38937;8082;1;1
64594;8082;1;0
76847;8082;0;1
8117;8082;0;1
68560;8082;1;1
8097;8082;1;0
39028;8082;1;1
8088;8082;0;1
108814;8082;1;0
80517;8082;0;1
8275;8082;1;0
112880;8082;0;1
104677;8088;0;1
69473;8088;0;1
8163;8088;0;1
67334;8088;0;1
93349;8088;0;1
112880;8088;1;1
80517;8088;1;1
8167;8088;0;1
67401;8088;0;1
8124;8088;1;1
73252;8088;0;1
107177;8088;0;1
8082;8088;0;1
54674;8088;0;1
59177;8088;0;1
93674;8088;0;1
92254;8088;0;1
112049;8088;0;1
8117;8088;0;1
65591;8088;0;1
105143;8088;0;1
38966;8088;0;1
8105;8088;0;1
116057;8088;0;1
96773;8088;0;1
66046;8088;0;1
38951;8089;0;1
70477;8089;1;0
38953;8089;1;0
74508;8089;1;0
8107;8089;1;0
8118;8089;0;1
8095;8089;1;0
8155;8089;1;0
38960;8089;1;0
58004;8095;1;1
113222;8095;0;1
8082;8095;0;1
74508;8095;1;1
70477;8095;1;1
38953;8095;1;1
8107;8095;1;1
38960;8095;1;1
66876;8095;1;1
8089;8095;1;0
108814;8097;1;0
80335;8097;0;1
76112;8097;0;1
63189;8097;0;1
82784;8097;0;1
8082;8097;1;0
39034;8105;1;1
38937;8105;1;1
68016;8105;1;1
8285;8105;1;1
39028;8105;1;1
76847;8105;0;1
8112;8105;1;1
55572;8105;1;1
68560;8105;1;1
8082;8105;1;1
39044;8105;1;1
38951;8105;1;0
8088;8105;0;1
8049;8105;1;1
91368;8105;0;1
8124;8105;0;1
8284;8105;1;1
56576;8105;0;1
8275;8105;1;0
112880;8105;0;1
8117;8105;0;1
80517;8105;0;1
64594;8105;1;0
39043;8105;0;1
38953;8107;1;1
66876;8107;1;1
38960;8107;1;1
70477;8107;1;1
58004;8107;1;1
74508;8107;1;1
8095;8107;1;1
113222;8107;0;1
8089;8107;1;0
8105;8112;1;1
64594;8112;1;1
8117;8112;0;1
8285;8112;1;1
68016;8112;1;0
39034;8112;1;1
38937;8112;1;1
68560;8112;1;1
55572;8112;1;1
39044;8112;1;1
8082;8112;1;1
8049;8112;1;1
8272;8112;0;1
38951;8112;1;0
8284;8112;1;1
56576;8112;0;1
8275;8112;1;0
76847;8112;0;1
8195;8112;1;1
39028;8112;1;1
91368;8112;0;1
39043;8112;0;1
67334;8113;1;1
38966;8113;1;1
78878;8113;0;1
8167;8113;1;1
8163;8113;1;1
73252;8113;1;1
113222;8113;1;1
54674;8113;0;1
38958;8113;1;1
8077;8113;1;1
84924;8113;0;1
59056;8113;0;1
66876;8113;1;0
68560;8117;0;1
8088;8117;0;1
8049;8117;0;1
8082;8117;0;1
76847;8117;0;1
38937;8117;0;1
112880;8117;0;1
39034;8117;0;1
39044;8117;0;1
8285;8117;0;1
55572;8117;0;1
56576;8117;0;1
8284;8117;0;1
39043;8117;0;1
8105;8117;0;1
8124;8117;0;1
8112;8117;0;1
91368;8117;0;1
80517;8117;0;1
38951;8118;1;1
8089;8118;0;1
80517;8124;1;1
93674;8124;0;1
66046;8124;0;1
112880;8124;1;1
8088;8124;1;1
8167;8124;0;1
8163;8124;0;1
8105;8124;0;1
54674;8124;0;1
107177;8124;0;1
104677;8124;0;1
67334;8124;0;1
69473;8124;0;1
105143;8124;0;1
65591;8124;0;1
116057;8124;0;1
73252;8124;0;1
8117;8124;0;1
67401;8124;0;1
38966;8124;0;1
96773;8124;0;1
92254;8124;0;1
8082;8124;0;1
93349;8124;0;1
112049;8124;0;1
59177;8124;0;1
38967;8128;1;1
100272;8128;1;1
8129;8128;1;1
8151;8128;1;1
8177;8128;1;1
8173;8128;1;1
3723;8128;1;1
8142;8128;1;0
8177;8129;1;1
8151;8129;1;1
100272;8129;1;1
8128;8129;1;1
38967;8129;1;1
55419;8129;0;1
8180;8131;1;0
74874;8131;1;0
8196;8131;1;0
8152;8131;1;0
8170;8131;1;0
8174;8131;1;0
8192;8131;1;1
67854;8131;0;1
8162;8131;1;0
116164;8131;0;1
8172;8131;1;0
73416;8131;1;1
99982;8131;0;1
8189;8131;1;0
8207;8131;1;0
8145;8131;1;0
72482;8131;1;0
110015;8131;0;1
80543;8131;0;1
38963;8131;1;0
38981;8131;0;1
8139;8131;1;0
67854;8132;0;1
74874;8132;0;1
8142;8132;1;1
101514;8132;0;1
8174;8132;0;1
99982;8132;0;1
8207;8132;1;1
8152;8132;0;1
3723;8132;1;1
64655;8132;0;1
38966;8132;1;0
109329;8132;0;1
72482;8132;0;1
65591;8132;0;1
38978;8132;0;1
8160;8132;1;0
63823;8132;1;0
8171;8132;0;1
8143;8132;1;0
85657;8132;0;1
102130;8132;0;1
8208;8132;0;1
8145;8132;0;1
80543;8132;0;1
38971;8133;1;0
8168;8133;1;1
83029;8133;1;1
57780;8133;1;1
71267;8133;1;0
8191;8133;1;1
8162;8133;1;1
38966;8133;1;0
74874;8133;1;1
38963;8133;1;1
8146;8133;1;1
8172;8133;1;1
8159;8133;1;0
8171;8133;1;1
55384;8133;1;1
85657;8133;1;1
116164;8133;1;1
92198;8133;0;1
38981;8135;1;0
8159;8135;1;1
38972;8135;1;1
8164;8135;1;0
38962;8135;1;0
73531;8135;0;1
8166;8135;1;0
8144;8135;1;0
8157;8135;1;0
38961;8137;1;0
38965;8137;1;1
8147;8137;1;0
38964;8137;1;0
8172;8138;1;0
107883;8138;1;0
76713;8138;1;0
63999;8138;0;1
92226;8138;0;1
8152;8139;1;1
8208;8139;1;1
67854;8139;1;1
55384;8139;1;1
8196;8139;1;1
8174;8139;1;1
8146;8139;1;1
57780;8139;1;0
8145;8139;1;0
8170;8139;1;1
38971;8139;1;1
8187;8139;1;1
38981;8139;0;1
8192;8139;1;1
8131;8139;1;0
8168;8139;1;1
8198;8139;1;1
81094;8139;1;0
73416;8139;0;1
8202;8139;1;1
8172;8139;1;1
38963;8139;1;1
72482;8139;1;0
74874;8139;1;1
8162;8139;1;1
108768;8139;0;1
8180;8139;1;1
87237;8139;1;1
83029;8139;0;1
8171;8139;0;1
8059;8140;1;1
8158;8141;1;1
38964;8141;1;1
38965;8141;1;0
85889;8141;0;1
8147;8141;0;1
2962;8141;0;1
38961;8141;0;1
3723;8142;1;1
109329;8142;0;1
65591;8142;0;1
8132;8142;1;1
8151;8142;1;0
8128;8142;1;0
38967;8142;1;0
102130;8142;0;1
63823;8142;1;0
64655;8142;0;1
100272;8142;1;0
55419;8143;1;1
8160;8143;1;1
8132;8143;1;0
70898;8143;1;0
68065;8143;1;0
38962;8144;1;1
8157;8144;1;1
76713;8144;1;1
8135;8144;1;0
108768;8144;1;0
107883;8144;1;1
38981;8144;1;0
8159;8144;1;0
8175;8144;0;1
74874;8145;0;1
8174;8145;1;1
83029;8145;0;1
101514;8145;0;1
85657;8145;0;1
8170;8145;1;0
8180;8145;1;1
8208;8145;1;1
8162;8145;1;0
38963;8145;1;0
67854;8145;0;1
66608;8145;1;0
8139;8145;1;0
8152;8145;1;1
8131;8145;1;0
72482;8145;1;1
80543;8145;0;1
8172;8145;1;0
8171;8145;0;1
8191;8145;1;1
99982;8145;0;1
8132;8145;0;1
8187;8145;0;1
38978;8145;0;1
8155;8145;1;0
8189;8145;1;0
8170;8146;1;0
8172;8146;1;1
74874;8146;1;1
8162;8146;1;1
8152;8146;1;1
71267;8146;1;1
92198;8146;0;1
57780;8146;1;1
116164;8146;1;1
8171;8146;1;1
8168;8146;1;1
38971;8146;1;1
8139;8146;1;1
8201;8146;1;0
8133;8146;1;1
8191;8146;1;1
87237;8146;1;1
38981;8146;1;0
55384;8146;1;1
8199;8146;1;0
38966;8146;1;0
8159;8146;1;0
8181;8146;1;0
8202;8146;1;0
8174;8146;1;1
38963;8146;1;1
83029;8146;1;1
38980;8146;1;0
8209;8146;1;0
66608;8146;1;0
8193;8146;1;0
8187;8146;1;0
8137;8147;1;0
8158;8147;1;0
38961;8147;0;1
8141;8147;0;1
2962;8147;0;1
38964;8147;0;1
8128;8151;1;1
38967;8151;1;1
8173;8151;1;1
8129;8151;1;1
100272;8151;1;1
8177;8151;1;1
8142;8151;1;0
3723;8151;1;0
87237;8152;1;1
38978;8152;1;1
80543;8152;0;1
8168;8152;1;0
8139;8152;1;1
8132;8152;0;1
57780;8152;1;0
38963;8152;1;1
72482;8152;1;1
74874;8152;1;1
110015;8152;0;1
83029;8152;0;1
8180;8152;1;1
8131;8152;1;0
8170;8152;1;0
66608;8152;1;0
101514;8152;0;1
8172;8152;1;0
8146;8152;1;1
67854;8152;0;1
8145;8152;1;1
8208;8152;1;1
8162;8152;1;0
8198;8152;1;1
8207;8152;1;1
55384;8152;1;1
38981;8152;0;1
89174;8152;0;1
8155;8152;1;0
85657;8152;1;1
8187;8152;1;1
99982;8152;0;1
8196;8152;1;1
73416;8152;0;1
8171;8152;0;1
8189;8152;1;0
8192;8152;0;1
67334;8155;0;1
8170;8155;1;0
64655;8155;0;1
54674;8155;0;1
63189;8155;0;1
38966;8155;0;1
92254;8155;0;1
72482;8155;1;0
8163;8155;0;1
76572;8155;0;1
74508;8155;0;1
73252;8155;0;1
38936;8155;0;1
8145;8155;1;0
66608;8155;1;0
107499;8155;0;1
39652;8155;0;1
8089;8155;1;0
8174;8155;1;0
8152;8155;1;0
8144;8157;1;1
8135;8157;1;0
8159;8157;1;0
76713;8157;1;1
107883;8157;1;1
38981;8157;1;0
108768;8157;1;0
85889;8158;0;1
8141;8158;1;1
2962;8158;0;1
8147;8158;1;0
38965;8158;1;0
8202;8159;1;1
8193;8159;1;0
8162;8159;1;1
8209;8159;1;1
57780;8159;1;1
8135;8159;1;1
55384;8159;1;1
8172;8159;1;1
8133;8159;1;0
38981;8159;1;0
38962;8159;1;0
8146;8159;1;0
38980;8159;1;0
38972;8159;1;1
38976;8159;0;1
8191;8159;1;1
71267;8159;1;0
8171;8159;0;1
8187;8159;1;0
38963;8159;1;0
8289;8159;1;1
8157;8159;1;0
8201;8159;1;1
8168;8159;1;1
8144;8159;1;0
83029;8159;0;1
59257;8159;1;1
8199;8159;1;1
8270;8159;1;1
67656;8159;0;1
8208;8159;0;1
8164;8159;1;0
8166;8159;1;0
8170;8159;1;0
55419;8160;1;1
8143;8160;1;1
8132;8160;1;0
68065;8160;1;0
70898;8160;1;0
8168;8162;1;1
55384;8162;1;1
8208;8162;1;1
8209;8162;1;1
8191;8162;1;1
8139;8162;1;1
38977;8162;1;0
8193;8162;1;1
8146;8162;1;1
8199;8162;1;0
8202;8162;1;0
74874;8162;0;1
8145;8162;1;0
8152;8162;1;0
83029;8162;1;1
38976;8162;1;1
8201;8162;1;1
8172;8162;1;1
108768;8162;0;1
72482;8162;1;0
8133;8162;1;1
8171;8162;1;1
116164;8162;1;1
57780;8162;1;1
38980;8162;1;0
8159;8162;1;1
8174;8162;1;0
38963;8162;1;1
92198;8162;0;1
8187;8162;1;0
8131;8162;1;0
8180;8162;1;0
8170;8162;1;0
113728;8162;0;1
67334;8163;1;1
73252;8163;1;1
65591;8163;0;1
92254;8163;0;1
8077;8163;1;1
112049;8163;0;1
113222;8163;1;1
8167;8163;1;1
38958;8163;1;1
8113;8163;1;1
38966;8163;1;1
93349;8163;0;1
66876;8163;1;0
104677;8163;0;1
112880;8163;0;1
54674;8163;0;1
80517;8163;0;1
96773;8163;0;1
8124;8163;0;1
8088;8163;0;1
69473;8163;0;1
116057;8163;0;1
93674;8163;0;1
107177;8163;0;1
66046;8163;0;1
8155;8163;0;1
67401;8163;0;1
8175;8164;1;0
8159;8164;1;0
8135;8164;1;0
38972;8164;1;0
38981;8164;1;0
8159;8166;1;0
8135;8166;1;0
63016;8167;1;1
67334;8167;1;1
8113;8167;1;1
93349;8167;0;1
107177;8167;0;1
67401;8167;1;1
66046;8167;1;1
8077;8167;1;1
69473;8167;0;1
38958;8167;1;1
38966;8167;1;1
116057;8167;0;1
73252;8167;1;1
112880;8167;0;1
112049;8167;0;1
66876;8167;1;0
104677;8167;0;1
8163;8167;1;1
65591;8167;0;1
8088;8167;0;1
93674;8167;0;1
96773;8167;0;1
113222;8167;1;1
92254;8167;0;1
8124;8167;0;1
59177;8167;0;1
80517;8167;0;1
54674;8167;0;1
66608;8168;1;0
8171;8168;1;1
108768;8168;0;1
55384;8168;1;1
71267;8168;1;1
8159;8168;1;1
8146;8168;1;1
38963;8168;1;1
57780;8168;1;1
83029;8168;1;1
8191;8168;1;1
116164;8168;1;1
92198;8168;0;1
8162;8168;1;1
8133;8168;1;1
8201;8168;1;1
67854;8168;0;1
38971;8168;1;1
8193;8168;1;1
8170;8168;1;0
38981;8168;1;1
8139;8168;1;1
8181;8168;1;1
8174;8168;1;0
8209;8168;1;1
74874;8168;0;1
8152;8168;1;0
8182;8168;0;1
8196;8168;0;1
38976;8168;0;1
8180;8170;1;0
72482;8170;1;0
8187;8170;1;1
8174;8170;1;1
8202;8170;1;1
8146;8170;1;0
8155;8170;1;0
8145;8170;1;0
74874;8170;1;0
57780;8170;1;0
8172;8170;1;0
8152;8170;1;0
38981;8170;1;0
8139;8170;1;1
8131;8170;1;0
8168;8170;1;0
8159;8170;1;0
8162;8170;1;0
71267;8170;1;0
66608;8170;1;0
38963;8170;1;0
8168;8171;1;1
116164;8171;1;1
83029;8171;1;1
85657;8171;0;1
99982;8171;0;1
8133;8171;1;1
38978;8171;0;1
8146;8171;1;1
8162;8171;1;1
8172;8171;1;1
8201;8171;1;0
38971;8171;1;0
57780;8171;1;1
92198;8171;0;1
8159;8171;0;1
8145;8171;0;1
8193;8171;1;0
74874;8171;0;1
38963;8171;0;1
108768;8171;0;1
80543;8171;0;1
8174;8171;0;1
8152;8171;0;1
8191;8171;1;1
8139;8171;0;1
8132;8171;0;1
67854;8171;0;1
8208;8171;0;1
72482;8171;0;1
55384;8171;1;1
66608;8171;1;0
101514;8171;0;1
8170;8172;1;0
8131;8172;1;0
8145;8172;1;0
83029;8172;1;1
8191;8172;1;1
8146;8172;1;1
8162;8172;1;1
8152;8172;1;0
8201;8172;1;1
8209;8172;1;1
8133;8172;1;1
8174;8172;1;0
8193;8172;1;1
113728;8172;0;1
8171;8172;1;1
116164;8172;1;1
55384;8172;1;1
8187;8172;1;0
57780;8172;1;1
66608;8172;1;0
38976;8172;0;1
8159;8172;1;1
92198;8172;0;1
8208;8172;0;1
8192;8172;1;0
8202;8172;1;0
8199;8172;1;0
74874;8172;1;1
108768;8172;0;1
38971;8172;1;0
81094;8172;1;0
8139;8172;1;1
72482;8172;1;0
76713;8172;1;0
8180;8172;1;0
8138;8172;1;0
38980;8172;1;0
38963;8172;1;1
55419;8173;0;1
8151;8173;1;1
8128;8173;1;1
8177;8173;1;1
100272;8173;1;1
38967;8173;1;1
8171;8174;0;1
8208;8174;1;1
72482;8174;1;1
8180;8174;1;1
8196;8174;1;1
8132;8174;0;1
74874;8174;1;1
38978;8174;1;1
8207;8174;1;1
87237;8174;1;1
8187;8174;1;1
8139;8174;1;1
8131;8174;1;0
8168;8174;1;0
80543;8174;0;1
99982;8174;0;1
38963;8174;1;1
8170;8174;1;1
83029;8174;0;1
8145;8174;1;1
8162;8174;1;0
8172;8174;1;0
66608;8174;1;0
57780;8174;1;0
8146;8174;1;1
8155;8174;1;0
8198;8174;1;0
85657;8174;1;1
38981;8174;0;1
67854;8174;0;1
101514;8174;0;1
8202;8174;1;0
55384;8174;1;1
8189;8174;1;0
8144;8175;0;1
38972;8175;1;0
8164;8175;1;0
63823;8177;1;0
8173;8177;1;1
100272;8177;1;1
38967;8177;1;1
8151;8177;1;1
8128;8177;1;1
8129;8177;1;1
38978;8177;1;0
8053;8178;1;0
8170;8180;1;0
66608;8180;1;0
8192;8180;1;1
8198;8180;1;1
8131;8180;1;0
8145;8180;1;1
67854;8180;0;1
8152;8180;1;1
74874;8180;1;1
8174;8180;1;1
8196;8180;0;1
38981;8180;1;1
110015;8180;0;1
8172;8180;1;0
38963;8180;1;1
72482;8180;1;0
8207;8180;1;0
8189;8180;1;1
8162;8180;1;0
73416;8180;0;1
85657;8180;1;0
8139;8180;1;1
87237;8180;0;1
8208;8180;0;1
71267;8181;0;1
8182;8181;1;1
76923;8181;1;0
38971;8181;1;1
8168;8181;1;1
57780;8181;1;0
8146;8181;1;0
84454;8181;0;1
8181;8182;1;1
76923;8182;1;0
38971;8182;1;1
8168;8182;0;1
71267;8182;0;1
38953;8183;1;1
72408;8183;0;1
114979;8183;0;1
38975;8183;1;0
38979;8183;0;1
8206;8183;1;1
97226;8183;0;1
8275;8183;1;1
8272;8183;1;1
38982;8185;1;1
8186;8185;1;1
38979;8185;1;0
38977;8185;1;1
8204;8185;1;0
8204;8186;1;0
38982;8186;1;1
38977;8186;1;1
8203;8186;1;1
38979;8186;0;1
8185;8186;1;1
38968;8186;1;0
8198;8187;0;1
8172;8187;1;0
8170;8187;1;1
8139;8187;1;1
38980;8187;1;0
8208;8187;1;1
8196;8187;1;1
8209;8187;1;0
8174;8187;1;1
8193;8187;1;0
8191;8187;1;0
8202;8187;1;1
8199;8187;1;0
38963;8187;0;1
87237;8187;0;1
8159;8187;1;0
74874;8187;1;0
8145;8187;0;1
8162;8187;1;0
8146;8187;1;0
8152;8187;1;1
8201;8187;1;0
8289;8188;1;0
39024;8188;1;0
39027;8188;1;0
8199;8188;1;0
8202;8188;1;0
8131;8189;1;0
38978;8189;1;0
8174;8189;1;0
8207;8189;1;1
8152;8189;1;0
8180;8189;1;1
38987;8189;0;1
74874;8189;1;0
8145;8189;1;0
8203;8190;1;0
8133;8191;1;1
8172;8191;1;1
8199;8191;1;0
8208;8191;1;1
8146;8191;1;1
8168;8191;1;1
55384;8191;1;1
8159;8191;1;1
81094;8191;1;0
8192;8191;1;0
116164;8191;1;1
8209;8191;1;1
8193;8191;1;1
8162;8191;1;1
113728;8191;0;1
8171;8191;1;1
38976;8191;1;1
38977;8191;1;0
8145;8191;1;1
74874;8191;0;1
8187;8191;1;0
83029;8191;0;1
8202;8191;1;0
38980;8191;1;0
81094;8192;1;0
8201;8192;1;0
8139;8192;1;1
8209;8192;1;0
8172;8192;1;0
73416;8192;0;1
67854;8192;1;1
110015;8192;0;1
8191;8192;1;0
38981;8192;1;1
38963;8192;1;1
8198;8192;1;1
8196;8192;1;1
8180;8192;1;1
87237;8192;0;1
8208;8192;0;1
85657;8192;0;1
8131;8192;1;1
8152;8192;0;1
80543;8192;0;1
8193;8192;1;0
8172;8193;1;1
8191;8193;1;1
8168;8193;1;1
38977;8193;1;0
8201;8193;1;1
55384;8193;0;1
8202;8193;1;0
8162;8193;1;1
8192;8193;1;0
87237;8193;1;0
8208;8193;1;1
8209;8193;1;1
38976;8193;1;1
8159;8193;1;0
74874;8193;0;1
83029;8193;0;1
38980;8193;1;0
8171;8193;1;0
8146;8193;1;0
8199;8193;1;0
8187;8193;1;0
81094;8193;1;0
38953;8195;1;1
8284;8195;1;1
72408;8195;0;1
114979;8195;0;1
97226;8195;0;1
55572;8195;0;1
8275;8195;1;1
8206;8195;1;1
8285;8195;0;1
8272;8195;1;1
111884;8195;0;1
8112;8195;1;1
38975;8195;1;0
38979;8195;0;1
8198;8196;1;1
38963;8196;0;1
8208;8196;1;1
80543;8196;0;1
8187;8196;1;1
8174;8196;1;1
8180;8196;0;1
8192;8196;1;1
67854;8196;0;1
8207;8196;1;1
8139;8196;1;1
110015;8196;0;1
87237;8196;0;1
8152;8196;1;1
38981;8196;0;1
8131;8196;1;0
8202;8196;1;0
83029;8196;0;1
73416;8196;0;1
38978;8196;1;1
74874;8196;0;1
8168;8196;0;1
74874;8198;1;1
73416;8198;1;1
8196;8198;1;1
8180;8198;1;1
81094;8198;1;1
89174;8198;0;1
8208;8198;0;1
8192;8198;1;1
8174;8198;1;0
8187;8198;0;1
8152;8198;1;1
8139;8198;1;1
38981;8198;1;1
87237;8198;0;1
72482;8198;0;1
38963;8198;0;1
8207;8198;1;0
67854;8198;0;1
38978;8198;1;0
8191;8199;1;0
8159;8199;1;1
8270;8199;1;1
8172;8199;1;0
8201;8199;1;0
39033;8199;0;1
8188;8199;1;0
59257;8199;1;1
8281;8199;1;1
8289;8199;1;1
67656;8199;0;1
38980;8199;1;0
39024;8199;0;1
8193;8199;1;0
8162;8199;1;0
8146;8199;1;0
8209;8199;1;0
8187;8199;1;0
8193;8201;1;1
38977;8201;1;0
8168;8201;1;1
8162;8201;1;1
38976;8201;1;1
8199;8201;1;0
8209;8201;1;1
8187;8201;1;0
55384;8201;0;1
8172;8201;1;1
8202;8201;1;1
8208;8201;1;1
81094;8201;1;0
8171;8201;1;0
8192;8201;1;0
8159;8201;1;1
74874;8201;0;1
8146;8201;1;0
83029;8201;0;1
38980;8201;1;0
39033;8202;0;1
8162;8202;1;0
8209;8202;1;0
8159;8202;1;1
8187;8202;1;1
8188;8202;1;0
39024;8202;0;1
8172;8202;1;0
8146;8202;1;0
8201;8202;1;1
8270;8202;1;1
8139;8202;1;1
8191;8202;1;0
8281;8202;0;1
8170;8202;1;1
71267;8202;1;0
57780;8202;1;0
67656;8202;0;1
59257;8202;1;1
8289;8202;1;1
8193;8202;1;0
38980;8202;1;0
8208;8202;1;0
38976;8202;1;0
8196;8202;1;0
38981;8202;1;0
8174;8202;1;0
38982;8203;1;1
8186;8203;1;1
38977;8203;1;0
8190;8203;1;0
8204;8203;1;0
38977;8204;1;1
38979;8204;1;1
8186;8204;1;0
114979;8204;0;1
64594;8204;0;1
8203;8204;1;0
8185;8204;1;0
38953;8206;1;1
8195;8206;1;1
8183;8206;1;1
64594;8206;1;1
8275;8206;1;0
8272;8206;1;0
38975;8206;1;0
8198;8207;1;0
8189;8207;1;1
8196;8207;1;1
38978;8207;1;1
8132;8207;1;1
38966;8207;1;0
8174;8207;1;1
8152;8207;1;1
8180;8207;1;0
80543;8207;0;1
8131;8207;1;0
99982;8208;0;1
8139;8208;1;1
80543;8208;0;1
67854;8208;0;1
8187;8208;1;1
8209;8208;1;1
8174;8208;1;1
8172;8208;0;1
72482;8208;0;1
8152;8208;1;1
8196;8208;1;1
8202;8208;1;0
8162;8208;1;1
8159;8208;0;1
8201;8208;1;1
8193;8208;1;1
8198;8208;0;1
38963;8208;0;1
8191;8208;1;1
8192;8208;0;1
110015;8208;0;1
85657;8208;0;1
55384;8208;0;1
8180;8208;0;1
38978;8208;0;1
38976;8208;1;1
38981;8208;0;1
8145;8208;1;1
101514;8208;0;1
87237;8208;0;1
74874;8208;0;1
8171;8208;0;1
8132;8208;0;1
8146;8209;1;0
8162;8209;1;1
8199;8209;1;0
8191;8209;1;1
8193;8209;1;1
8201;8209;1;1
38976;8209;1;1
8192;8209;1;0
8208;8209;1;1
8168;8209;1;1
8172;8209;1;1
38977;8209;1;0
55384;8209;0;1
74874;8209;0;1
8202;8209;1;0
81094;8209;1;0
8159;8209;1;1
38980;8209;1;0
83029;8209;0;1
8187;8209;1;0
38988;8210;1;1
38983;8210;1;1
38986;8212;1;1
38985;8212;1;0
8213;8212;1;1
8212;8213;1;1
38986;8213;1;1
38985;8213;1;0
38989;8214;1;1
38990;8214;1;1
39040;8269;1;1
39026;8269;1;1
8274;8269;1;1
8279;8269;1;0
8282;8269;1;0
39042;8269;1;1
8277;8269;1;0
39031;8270;1;1
8199;8270;1;1
8281;8270;0;1
8289;8270;1;1
59257;8270;1;1
8159;8270;1;1
39027;8270;1;1
67656;8270;0;1
8202;8270;1;1
91368;8270;0;1
39024;8270;1;1
39033;8270;0;1
39044;8270;1;1
8183;8272;1;1
8275;8272;1;1
38979;8272;0;1
38953;8272;1;1
114979;8272;0;1
111884;8272;0;1
97226;8272;0;1
8195;8272;1;1
8206;8272;1;0
8284;8272;0;1
72408;8272;0;1
64594;8272;1;1
8112;8272;0;1
39041;8273;0;1
39040;8273;0;1
39032;8273;0;1
39030;8273;1;0
8279;8274;1;0
8269;8274;1;1
39026;8274;0;1
8282;8274;1;0
39042;8274;1;1
38953;8275;1;1
64594;8275;1;1
8272;8275;1;1
38979;8275;0;1
114979;8275;0;1
72408;8275;0;1
97226;8275;0;1
8195;8275;1;1
55572;8275;1;0
8183;8275;1;1
111884;8275;0;1
8206;8275;1;0
8112;8275;1;0
8105;8275;1;0
8284;8275;1;0
8082;8275;1;0
8285;8275;1;0
39040;8276;1;0
39026;8277;1;1
39042;8277;1;1
8269;8277;1;0
8282;8277;1;0
8274;8279;1;0
8269;8279;1;0
8199;8281;1;1
39029;8281;1;1
85072;8281;1;1
8202;8281;0;1
39033;8281;0;1
39027;8281;1;0
67656;8281;0;1
8282;8281;1;0
8270;8281;0;1
39026;8282;1;0
8269;8282;1;0
8274;8282;1;0
8289;8282;0;1
39042;8282;1;0
8281;8282;1;0
8277;8282;1;0
8112;8284;1;1
38937;8284;1;1
39043;8284;0;1
8285;8284;1;1
39034;8284;1;1
55572;8284;1;1
8049;8284;1;1
8195;8284;1;1
39044;8284;1;1
68560;8284;1;1
91368;8284;0;1
64594;8284;1;1
8275;8284;1;0
8272;8284;0;1
38951;8284;1;0
68016;8284;1;0
76847;8284;0;1
39028;8284;1;1
8082;8284;1;1
8105;8284;1;1
8117;8284;0;1
56576;8284;0;1
8284;8285;1;1
8112;8285;1;1
38937;8285;1;1
38951;8285;1;0
56576;8285;0;1
55572;8285;1;1
8117;8285;0;1
68560;8285;1;1
8082;8285;1;1
39034;8285;1;1
91368;8285;0;1
8105;8285;1;1
68016;8285;1;1
39044;8285;1;1
39043;8285;0;1
8049;8285;1;1
39028;8285;1;1
8275;8285;1;0
8195;8285;0;1
64594;8285;1;1
72408;8285;0;1
76847;8285;0;1
39040;8287;0;1
8202;8289;1;1
8188;8289;1;0
59257;8289;1;1
8199;8289;1;1
39024;8289;1;1
8270;8289;1;1
8282;8289;0;1
39027;8289;1;1
8159;8289;1;1
38938;38931;1;0
8061;38931;1;1
8060;38931;1;0
116369;38931;0;1
65383;38931;0;1
38934;38931;1;0
85773;38932;0;1
8040;38933;1;1
8050;38933;1;0
8047;38933;0;1
71645;38934;1;0
8061;38934;1;0
8054;38934;0;1
78878;38934;0;1
38931;38934;1;0
73919;38935;1;1
68657;38935;1;1
78730;38936;1;1
74508;38936;1;1
80672;38936;1;0
95881;38936;0;1
8155;38936;0;1
71645;38936;0;1
8112;38937;1;1
39034;38937;1;1
55572;38937;1;1
39043;38937;0;1
8105;38937;1;1
8284;38937;1;1
8117;38937;0;1
8082;38937;1;1
91368;38937;0;1
39028;38937;0;1
8049;38937;1;1
68560;38937;0;1
56576;38937;0;1
76847;38937;0;1
8285;38937;1;1
39044;38937;0;1
8042;38938;0;1
38931;38938;1;0
8118;38951;1;1
8049;38951;1;0
55572;38951;1;0
8105;38951;1;0
8284;38951;1;0
8082;38951;1;0
8285;38951;1;0
64594;38951;1;0
68016;38951;1;0
8112;38951;1;0
39034;38951;1;0
8089;38951;0;1
97226;38953;0;1
58004;38953;1;1
70477;38953;1;1
8195;38953;1;1
8206;38953;1;1
8272;38953;1;1
38960;38953;1;1
8095;38953;1;1
66876;38953;1;1
64594;38953;1;1
8183;38953;1;1
8107;38953;1;1
114979;38953;0;1
38979;38953;0;1
74508;38953;1;1
8089;38953;1;0
72408;38953;0;1
38975;38953;1;0
113222;38953;0;1
111884;38953;0;1
8275;38953;1;1
8077;38957;1;1
66876;38957;1;0
38958;38957;1;0
101310;38957;0;1
73252;38958;1;1
54674;38958;0;1
113222;38958;1;1
38960;38958;1;1
67334;38958;1;1
8077;38958;1;1
8113;38958;1;1
8163;38958;1;1
8167;38958;1;1
38966;38958;1;1
66876;38958;1;0
59056;38958;1;1
38957;38958;1;0
84924;38958;1;1
70102;38958;1;0
66876;38960;1;1
38953;38960;1;1
59056;38960;1;1
58004;38960;1;1
70477;38960;1;1
113222;38960;0;1
74508;38960;1;1
8107;38960;1;1
70102;38960;1;0
8095;38960;1;1
84924;38960;1;1
38958;38960;1;1
8089;38960;1;0
38965;38961;1;1
8137;38961;1;0
38964;38961;1;0
2962;38961;0;1
8147;38961;0;1
8141;38961;0;1
8144;38962;1;1
108768;38962;1;0
107883;38962;1;1
76713;38962;1;1
38981;38962;1;0
8159;38962;1;0
8135;38962;1;0
8196;38963;0;1
57780;38963;1;1
8208;38963;0;1
110015;38963;0;1
8152;38963;1;1
74874;38963;0;1
73416;38963;0;1
83029;38963;0;1
8180;38963;1;1
8174;38963;1;1
8168;38963;1;1
80543;38963;0;1
8198;38963;0;1
8146;38963;1;1
55384;38963;1;1
8162;38963;1;1
8171;38963;0;1
92198;38963;0;1
87237;38963;1;1
38981;38963;0;1
8159;38963;1;0
8133;38963;1;1
8131;38963;1;0
67854;38963;0;1
8170;38963;1;0
8192;38963;1;1
71267;38963;1;0
8145;38963;1;0
8187;38963;0;1
72482;38963;1;0
8139;38963;1;1
8172;38963;1;1
8141;38964;1;1
8137;38964;1;0
81337;38964;0;1
38965;38964;1;1
38961;38964;1;0
8147;38964;0;1
8141;38965;1;0
81337;38965;0;1
8137;38965;1;1
38961;38965;1;1
38964;38965;1;1
8158;38965;1;0
8113;38966;1;1
8163;38966;1;1
67334;38966;1;1
8077;38966;1;1
113222;38966;1;1
92254;38966;0;1
66876;38966;1;0
112880;38966;0;1
38958;38966;1;1
54674;38966;0;1
73252;38966;1;1
104677;38966;0;1
8146;38966;1;0
80517;38966;0;1
93674;38966;0;1
67401;38966;0;1
66046;38966;0;1
69473;38966;0;1
8167;38966;1;1
57780;38966;1;0
65591;38966;0;1
8132;38966;1;0
116057;38966;0;1
38971;38966;1;0
8155;38966;0;1
107177;38966;0;1
96773;38966;0;1
8088;38966;0;1
8124;38966;0;1
93349;38966;0;1
8207;38966;1;0
8133;38966;1;0
112049;38966;0;1
8151;38967;1;1
8173;38967;1;1
8177;38967;1;1
100272;38967;1;1
8129;38967;1;1
3723;38967;1;0
8128;38967;1;1
8142;38967;1;0
38977;38968;1;0
8186;38968;1;0
83029;38971;0;1
8181;38971;1;1
76923;38971;1;0
8146;38971;1;1
8182;38971;1;1
8168;38971;1;1
55384;38971;1;1
71267;38971;1;1
66608;38971;1;0
38981;38971;1;0
8172;38971;1;0
57780;38971;1;1
8139;38971;1;1
38966;38971;1;0
8133;38971;1;0
8171;38971;1;0
8135;38972;1;1
8159;38972;1;1
8175;38972;1;0
8164;38972;1;0
63999;38972;0;1
101538;38972;0;1
78730;38974;1;0
38953;38975;1;0
64594;38975;1;1
8183;38975;1;0
8195;38975;1;0
8206;38975;1;0
8208;38976;1;1
8172;38976;0;1
8162;38976;1;1
8201;38976;1;1
8191;38976;1;1
8193;38976;1;1
83029;38976;0;1
55384;38976;0;1
8202;38976;1;0
8168;38976;0;1
8209;38976;1;1
74874;38976;0;1
8159;38976;0;1
8203;38977;1;0
38968;38977;1;0
38982;38977;1;1
8186;38977;1;1
8209;38977;1;0
8193;38977;1;0
8191;38977;1;0
8201;38977;1;0
8204;38977;1;1
8162;38977;1;0
8185;38977;1;1
8145;38978;0;1
8174;38978;1;1
8207;38978;1;1
101514;38978;0;1
8132;38978;0;1
63823;38978;1;0
67854;38978;0;1
8177;38978;1;0
8152;38978;1;1
74874;38978;0;1
99982;38978;0;1
80543;38978;0;1
8196;38978;1;1
72482;38978;0;1
8208;38978;0;1
8189;38978;1;0
85657;38978;0;1
8171;38978;0;1
8198;38978;1;0
114979;38979;0;1
8272;38979;0;1
8204;38979;1;1
38953;38979;0;1
97226;38979;0;1
8275;38979;0;1
72408;38979;0;1
8195;38979;0;1
8185;38979;1;0
8186;38979;0;1
64594;38979;0;1
8183;38979;0;1
111884;38979;0;1
57122;38979;1;0
8209;38980;1;0
8159;38980;1;0
8193;38980;1;0
8172;38980;1;0
8201;38980;1;0
8162;38980;1;0
8199;38980;1;0
8146;38980;1;0
8191;38980;1;0
8202;38980;1;0
8187;38980;1;0
8164;38981;1;0
8168;38981;1;1
8146;38981;1;0
38962;38981;1;0
67854;38981;0;1
57780;38981;1;0
73416;38981;0;1
8157;38981;1;0
8152;38981;0;1
8144;38981;1;0
8180;38981;1;1
38971;38981;1;0
8159;38981;1;0
8192;38981;1;1
71267;38981;1;0
81094;38981;1;0
38963;38981;0;1
8198;38981;1;1
8196;38981;0;1
8174;38981;0;1
8170;38981;1;0
8139;38981;0;1
110015;38981;0;1
87237;38981;0;1
55384;38981;1;0
8208;38981;0;1
8131;38981;0;1
80543;38981;0;1
8135;38981;1;0
8202;38981;1;0
8203;38982;1;1
38977;38982;1;1
8186;38982;1;1
8185;38982;1;1
84708;38983;0;1
8210;38983;1;1
82770;38983;0;1
38988;38983;1;1
38987;38983;0;1
8213;38985;1;0
8212;38985;1;0
38986;38985;1;0
38985;38986;1;0
8212;38986;1;1
8213;38986;1;1
84708;38987;0;1
8189;38987;0;1
82770;38987;0;1
38988;38987;0;1
38983;38987;0;1
84708;38988;0;1
38983;38988;1;1
8210;38988;1;1
38987;38988;0;1
82770;38988;0;1
38990;38989;1;1
8214;38989;1;1
8214;38990;1;1
38989;38990;1;1
8289;39024;1;1
8199;39024;0;1
59257;39024;1;1
39027;39024;1;1
8270;39024;1;1
8188;39024;1;0
8202;39024;0;1
39042;39026;1;1
8277;39026;1;1
8269;39026;1;1
8274;39026;0;1
8282;39026;1;0
8289;39027;1;1
39024;39027;1;1
39037;39027;1;0
39029;39027;1;0
8270;39027;1;1
8281;39027;1;0
59257;39027;1;1
8188;39027;1;0
91368;39028;0;1
39031;39028;1;0
8285;39028;1;1
8082;39028;1;1
38937;39028;0;1
39044;39028;1;1
55572;39028;1;1
39034;39028;1;1
8105;39028;1;1
8284;39028;1;1
39043;39028;1;0
68560;39028;1;1
8049;39028;1;1
8112;39028;1;1
8281;39029;1;1
85072;39029;1;1
39037;39029;1;1
59257;39029;0;1
39027;39029;1;0
8273;39030;1;0
39028;39031;1;0
39043;39031;1;0
39044;39031;1;1
8270;39031;1;1
39040;39032;0;1
39041;39032;1;1
8273;39032;0;1
59257;39033;0;1
8270;39033;0;1
8199;39033;0;1
8281;39033;0;1
67656;39033;0;1
8202;39033;0;1
91368;39034;0;1
38951;39034;1;0
76847;39034;0;1
55572;39034;1;1
39028;39034;1;1
8284;39034;1;1
8105;39034;1;1
38937;39034;1;1
68560;39034;1;1
39043;39034;1;1
8082;39034;1;1
8112;39034;1;1
8285;39034;1;1
39044;39034;1;1
64594;39034;1;0
56576;39034;0;1
8049;39034;1;1
8117;39034;0;1
68016;39034;1;0
39029;39037;1;1
85072;39037;1;1
39027;39037;1;0
39041;39040;1;1
8273;39040;0;1
8276;39040;1;0
39032;39040;0;1
8269;39040;1;1
8287;39040;0;1
39040;39041;1;1
39032;39041;1;1
8273;39041;0;1
8277;39042;1;1
39026;39042;1;1
8282;39042;1;0
8269;39042;1;1
8274;39042;1;1
8112;39043;0;1
39034;39043;1;1
8049;39043;0;1
8105;39043;0;1
39044;39043;1;0
8284;39043;0;1
55572;39043;0;1
8082;39043;0;1
8117;39043;0;1
68560;39043;0;1
38937;39043;0;1
8285;39043;0;1
39028;39043;1;0
76847;39043;0;1
39031;39043;1;0
39031;39044;1;1
8105;39044;1;1
8082;39044;1;1
39028;39044;1;1
8112;39044;1;1
8270;39044;1;1
68560;39044;1;1
91368;39044;0;1
8284;39044;1;1
8049;39044;1;1
8285;39044;1;1
56576;39044;0;1
39043;39044;1;0
55572;39044;1;1
39034;39044;1;1
38937;39044;0;1
8117;39044;0;1
64295;39652;1;0
107499;39652;0;1
8155;39652;0;1
63189;39652;0;1
54527;42463;1;1
76112;42463;1;0
78264;42463;1;1
94634;42463;1;1
94634;54527;1;0
42463;54527;1;1
76112;54527;1;0
78264;54527;1;0
73252;54674;0;1
8163;54674;0;1
112049;54674;0;1
92254;54674;0;1
38966;54674;0;1
67401;54674;0;1
67334;54674;0;1
8167;54674;0;1
80517;54674;0;1
8124;54674;0;1
66046;54674;0;1
93349;54674;0;1
8088;54674;0;1
38958;54674;0;1
116057;54674;0;1
93674;54674;0;1
65591;54674;0;1
104677;54674;0;1
107177;54674;0;1
8113;54674;0;1
8155;54674;0;1
96773;54674;0;1
112880;54674;0;1
69473;54674;0;1
8209;55384;0;1
8191;55384;1;1
8174;55384;1;1
8133;55384;1;1
74874;55384;1;1
8146;55384;1;1
8159;55384;1;1
38963;55384;1;1
8172;55384;1;1
57780;55384;1;1
83029;55384;1;1
8139;55384;1;1
8208;55384;0;1
38971;55384;1;1
87237;55384;1;1
8193;55384;0;1
8171;55384;1;1
108768;55384;0;1
71267;55384;1;1
8168;55384;1;1
38981;55384;1;0
8201;55384;0;1
8162;55384;1;1
8152;55384;1;1
67854;55384;0;1
92198;55384;0;1
38976;55384;0;1
8160;55419;1;1
8143;55419;1;1
8173;55419;0;1
8129;55419;0;1
68065;55419;1;0
8112;55572;1;1
39034;55572;1;1
8284;55572;1;1
8049;55572;1;1
91368;55572;0;1
8082;55572;1;1
38937;55572;1;1
39028;55572;1;1
8105;55572;1;1
68560;55572;1;1
39044;55572;1;1
8117;55572;0;1
8195;55572;0;1
8285;55572;1;1
76847;55572;0;1
38951;55572;1;0
56576;55572;0;1
68016;55572;1;0
64594;55572;1;1
39043;55572;0;1
8275;55572;1;0
8037;55724;0;1
102755;55724;0;1
8285;56576;0;1
39034;56576;0;1
39044;56576;0;1
38937;56576;0;1
8117;56576;0;1
76847;56576;0;1
8284;56576;0;1
8082;56576;0;1
55572;56576;0;1
8105;56576;0;1
8112;56576;0;1
8049;56576;0;1
8059;57108;1;1
38979;57122;1;0
65744;57477;1;1
8042;57772;1;1
8052;57772;1;1
8055;57772;1;1
3719;57772;1;0
83029;57780;1;1
8168;57780;1;1
38971;57780;1;1
38966;57780;1;0
66608;57780;1;0
8133;57780;1;1
8162;57780;1;1
8172;57780;1;1
8171;57780;1;1
8146;57780;1;1
8152;57780;1;0
8170;57780;1;0
55384;57780;1;1
92198;57780;0;1
71267;57780;1;0
38963;57780;1;1
8159;57780;1;1
8202;57780;1;0
8174;57780;1;0
38981;57780;1;0
8181;57780;1;0
8139;57780;1;0
116164;57780;0;1
38960;58004;1;1
74508;58004;1;1
8095;58004;1;1
38953;58004;1;1
70477;58004;1;1
66876;58004;1;1
113222;58004;0;1
8107;58004;1;1
38958;59056;1;1
104910;59056;0;1
70102;59056;1;0
100559;59056;0;1
78878;59056;1;1
38960;59056;1;1
8113;59056;0;1
67401;59177;1;1
65591;59177;1;1
80517;59177;0;1
69473;59177;1;1
66046;59177;1;1
96773;59177;0;1
8088;59177;0;1
94715;59177;0;1
8124;59177;0;1
104677;59177;0;1
8167;59177;0;1
116057;59177;0;1
63016;59177;1;1
112880;59177;0;1
112049;59177;0;1
67656;59257;0;1
8270;59257;1;1
39024;59257;1;1
39033;59257;0;1
8202;59257;1;1
8289;59257;1;1
8199;59257;1;1
39027;59257;1;1
8159;59257;1;1
39029;59257;0;1
61410;60792;1;1
111546;60792;1;1
76403;61410;1;0
111546;61410;1;1
60792;61410;1;1
111074;61531;0;1
76112;61808;1;0
70102;62225;1;1
65591;63016;1;1
8167;63016;1;1
69473;63016;1;1
116057;63016;0;1
104677;63016;0;1
96773;63016;1;1
59177;63016;1;1
8155;63189;0;1
39652;63189;0;1
8097;63189;0;1
76112;63189;0;1
107499;63189;0;1
82784;63189;0;1
80335;63189;0;1
8177;63823;1;0
71645;63823;0;1
8142;63823;1;0
38978;63823;1;0
8132;63823;1;0
38972;63999;0;1
101538;63999;0;1
8138;63999;0;1
39652;64295;1;0
38953;64594;1;1
8284;64594;1;1
72408;64594;0;1
8112;64594;1;1
8082;64594;1;0
97226;64594;0;1
8275;64594;1;1
39034;64594;1;0
114979;64594;0;1
38975;64594;1;1
68016;64594;1;0
8272;64594;1;1
8206;64594;1;1
111884;64594;0;1
55572;64594;1;1
8105;64594;1;0
8285;64594;1;1
38979;64594;0;1
38951;64594;1;0
8204;64594;0;1
8142;64655;0;1
109329;64655;0;1
65591;64655;0;1
3723;64655;0;1
74508;64655;0;1
8155;64655;0;1
8132;64655;0;1
102130;64655;0;1
8061;65383;0;1
8054;65383;1;1
38931;65383;0;1
64655;65591;0;1
63016;65591;1;1
8167;65591;0;1
67401;65591;1;1
67334;65591;0;1
66046;65591;1;1
8088;65591;0;1
96773;65591;1;1
102130;65591;0;1
59177;65591;1;1
112049;65591;0;1
8163;65591;0;1
109329;65591;0;1
69473;65591;1;1
93674;65591;0;1
104677;65591;0;1
73252;65591;0;1
80517;65591;0;1
8142;65591;0;1
3723;65591;0;1
92254;65591;0;1
8132;65591;0;1
8124;65591;0;1
116057;65591;0;1
107177;65591;0;1
38966;65591;0;1
54674;65591;0;1
93349;65591;0;1
112880;65591;0;1
57477;65744;1;1
82784;65744;0;1
108814;65744;0;1
77771;65744;0;1
96773;66046;1;1
65591;66046;1;1
8124;66046;0;1
8167;66046;1;1
69473;66046;1;1
112049;66046;0;1
104677;66046;0;1
116057;66046;0;1
92254;66046;0;1
93349;66046;0;1
59177;66046;1;1
112880;66046;0;1
38966;66046;0;1
107177;66046;0;1
80517;66046;0;1
8163;66046;0;1
73252;66046;0;1
67334;66046;0;1
93674;66046;0;1
54674;66046;0;1
8088;66046;0;1
8145;66608;1;0
8171;66608;1;0
85773;66608;0;1
8152;66608;1;0
8174;66608;1;0
8180;66608;1;0
8155;66608;1;0
8170;66608;1;0
38971;66608;1;0
8172;66608;1;0
8146;66608;1;0
8168;66608;1;0
57780;66608;1;0
72482;66608;1;0
38960;66876;1;1
73252;66876;1;0
67334;66876;1;0
8107;66876;1;1
8077;66876;1;0
38966;66876;1;0
8167;66876;1;0
8113;66876;1;0
58004;66876;1;1
70477;66876;1;1
74508;66876;1;1
8163;66876;1;0
38958;66876;1;0
8095;66876;1;1
38953;66876;1;1
113222;66876;1;1
38957;66876;1;0
8113;67334;1;1
38966;67334;1;1
66876;67334;1;0
113222;67334;1;1
8167;67334;1;1
8163;67334;1;1
38958;67334;1;1
8077;67334;1;1
112049;67334;0;1
96773;67334;0;1
104677;67334;0;1
66046;67334;0;1
92254;67334;0;1
67401;67334;0;1
107177;67334;0;1
65591;67334;0;1
73252;67334;1;1
93674;67334;0;1
116057;67334;0;1
54674;67334;0;1
69473;67334;0;1
8088;67334;0;1
8124;67334;0;1
80517;67334;0;1
93349;67334;0;1
8155;67334;0;1
112880;67334;0;1
59177;67401;1;1
65591;67401;1;1
96773;67401;1;1
8088;67401;0;1
67334;67401;0;1
69473;67401;1;1
104677;67401;0;1
112049;67401;0;1
93674;67401;0;1
93349;67401;0;1
92254;67401;0;1
116057;67401;0;1
54674;67401;0;1
8167;67401;1;1
8163;67401;0;1
107177;67401;0;1
73252;67401;0;1
38966;67401;0;1
94715;67401;0;1
80517;67401;0;1
8124;67401;0;1
112880;67401;0;1
8270;67656;0;1
8159;67656;0;1
91368;67656;0;1
59257;67656;0;1
8202;67656;0;1
8199;67656;0;1
8281;67656;0;1
39033;67656;0;1
80543;67854;0;1
38981;67854;0;1
8174;67854;0;1
73416;67854;1;1
8198;67854;0;1
87237;67854;0;1
101514;67854;0;1
8192;67854;1;1
38963;67854;0;1
38978;67854;0;1
8132;67854;0;1
55384;67854;0;1
89174;67854;0;1
8208;67854;0;1
8139;67854;1;1
74874;67854;0;1
8131;67854;0;1
8152;67854;0;1
110015;67854;0;1
108768;67854;0;1
8145;67854;0;1
83029;67854;0;1
85657;67854;0;1
8180;67854;0;1
72482;67854;0;1
116164;67854;0;1
8196;67854;0;1
8168;67854;0;1
8171;67854;0;1
99982;67854;0;1
92323;67854;0;1
8082;68016;1;0
39034;68016;1;0
8049;68016;1;0
8105;68016;1;1
8285;68016;1;1
8112;68016;1;0
38951;68016;1;0
64594;68016;1;0
8284;68016;1;0
55572;68016;1;0
8160;68065;1;0
8143;68065;1;0
55419;68065;1;0
38937;68560;0;1
8082;68560;1;1
8285;68560;1;1
8117;68560;0;1
39028;68560;1;1
91368;68560;0;1
8112;68560;1;1
55572;68560;1;1
39034;68560;1;1
8105;68560;1;1
8284;68560;1;1
39044;68560;1;1
8049;68560;1;1
39043;68560;0;1
73919;68657;1;0
38935;68657;1;1
65591;69473;1;1
63016;69473;1;1
54674;69473;0;1
59177;69473;1;1
112880;69473;0;1
112049;69473;0;1
8167;69473;0;1
38966;69473;0;1
67334;69473;0;1
67401;69473;1;1
73252;69473;0;1
8124;69473;0;1
8088;69473;0;1
94715;69473;0;1
104677;69473;0;1
92254;69473;0;1
96773;69473;0;1
66046;69473;1;1
116057;69473;0;1
80517;69473;0;1
8163;69473;0;1
107177;69473;0;1
93674;69473;0;1
93349;69473;0;1
62225;70102;1;1
92226;70102;1;0
59056;70102;1;0
38958;70102;1;0
84924;70102;1;0
38960;70102;1;0
8095;70477;1;1
38953;70477;1;1
66876;70477;1;1
8107;70477;1;1
113222;70477;0;1
38960;70477;1;1
58004;70477;1;1
74508;70477;1;1
8089;70477;1;0
8160;70898;1;0
8143;70898;1;0
8159;71267;1;0
8170;71267;1;0
8202;71267;1;0
38963;71267;1;0
38971;71267;1;1
8146;71267;1;1
8181;71267;0;1
57780;71267;1;0
55384;71267;1;1
8168;71267;1;1
8133;71267;1;0
92198;71267;0;1
8182;71267;0;1
38981;71267;1;0
78730;71645;1;1
1885;71645;0;1
38936;71645;0;1
38934;71645;1;0
63823;71645;0;1
38979;72408;0;1
114979;72408;0;1
97226;72408;0;1
8285;72408;0;1
38953;72408;0;1
64594;72408;0;1
8195;72408;0;1
8272;72408;0;1
8183;72408;0;1
8275;72408;0;1
111884;72408;0;1
8174;72482;1;1
85657;72482;0;1
38978;72482;0;1
73416;72482;0;1
8172;72482;1;0
87237;72482;0;1
74874;72482;0;1
8145;72482;1;1
8170;72482;1;0
8198;72482;0;1
38963;72482;1;0
8152;72482;1;1
8139;72482;1;0
8162;72482;1;0
8132;72482;0;1
99982;72482;0;1
8180;72482;1;0
101514;72482;0;1
66608;72482;1;0
8208;72482;0;1
8171;72482;0;1
67854;72482;0;1
80543;72482;0;1
8131;72482;1;0
89174;72482;0;1
8155;72482;1;0
8163;73252;1;1
67334;73252;1;1
93674;73252;0;1
38966;73252;1;1
8113;73252;1;1
92254;73252;0;1
8155;73252;0;1
54674;73252;0;1
8077;73252;1;1
67401;73252;0;1
38958;73252;1;1
113222;73252;1;1
66046;73252;0;1
8167;73252;1;1
66876;73252;1;0
8124;73252;0;1
96773;73252;0;1
80517;73252;0;1
116057;73252;0;1
8088;73252;0;1
107177;73252;0;1
112880;73252;0;1
112049;73252;0;1
69473;73252;0;1
93349;73252;0;1
104677;73252;0;1
65591;73252;0;1
8198;73416;1;1
38963;73416;0;1
67854;73416;1;1
8180;73416;0;1
8196;73416;0;1
74874;73416;0;1
8152;73416;0;1
38981;73416;0;1
8139;73416;0;1
8192;73416;0;1
80543;73416;0;1
85657;73416;0;1
8131;73416;1;1
116164;73416;0;1
89174;73416;0;1
83029;73416;0;1
72482;73416;0;1
81094;73416;0;1
87237;73416;0;1
110015;73416;0;1
8135;73531;0;1
73777;73739;0;1
73739;73777;0;1
68657;73919;1;0
38935;73919;1;1
70477;74508;1;1
8107;74508;1;1
38953;74508;1;1
38960;74508;1;1
8095;74508;1;1
80672;74508;1;1
8089;74508;1;0
8155;74508;0;1
66876;74508;1;1
113222;74508;0;1
58004;74508;1;1
38936;74508;1;1
95881;74508;0;1
64655;74508;0;1
38978;74874;0;1
8133;74874;1;1
8191;74874;0;1
8152;74874;1;1
108768;74874;0;1
83029;74874;0;1
55384;74874;1;1
101514;74874;0;1
8139;74874;1;1
8162;74874;0;1
85657;74874;1;1
8146;74874;1;1
73416;74874;0;1
8174;74874;1;1
8208;74874;0;1
87237;74874;1;1
38963;74874;0;1
8187;74874;1;0
72482;74874;0;1
8132;74874;0;1
80543;74874;0;1
8131;74874;1;0
8180;74874;1;1
38976;74874;0;1
8171;74874;0;1
8172;74874;1;1
8209;74874;0;1
67854;74874;0;1
8145;74874;0;1
89174;74874;0;1
116164;74874;0;1
8168;74874;0;1
8170;74874;1;0
8198;74874;1;1
99982;74874;0;1
8196;74874;0;1
8201;74874;0;1
8189;74874;1;0
8193;74874;0;1
42463;76112;1;0
8097;76112;0;1
94634;76112;1;0
54527;76112;1;0
80335;76112;0;1
78264;76112;1;0
61808;76112;1;0
82784;76112;0;1
63189;76112;0;1
8050;76403;0;1
61410;76403;1;0
8155;76572;0;1
8144;76713;1;1
8157;76713;1;1
38962;76713;1;1
8138;76713;1;0
8172;76713;1;0
107883;76713;0;1
8105;76847;0;1
56576;76847;0;1
8117;76847;0;1
91368;76847;0;1
8049;76847;0;1
55572;76847;0;1
8285;76847;0;1
8112;76847;0;1
8284;76847;0;1
39034;76847;0;1
8082;76847;0;1
38937;76847;0;1
39043;76847;0;1
38971;76923;1;0
8181;76923;1;0
8182;76923;1;0
78878;77771;1;0
108814;77771;1;1
65744;77771;0;1
94634;78264;1;1
76112;78264;1;0
42463;78264;1;1
54527;78264;1;0
71645;78730;1;1
38936;78730;1;1
38974;78730;1;0
80672;78730;1;0
104910;78878;0;1
59056;78878;1;1
8113;78878;0;1
84924;78878;1;1
100559;78878;0;1
38934;78878;0;1
77771;78878;1;0
82784;78878;1;0
108814;78878;1;0
8054;78878;0;1
76112;80335;0;1
82784;80335;0;1
63189;80335;0;1
8097;80335;0;1
38966;80517;0;1
67401;80517;0;1
104677;80517;0;1
54674;80517;0;1
8082;80517;0;1
112049;80517;0;1
8124;80517;1;1
112880;80517;1;1
107177;80517;0;1
93674;80517;0;1
65591;80517;0;1
73252;80517;0;1
69473;80517;0;1
8088;80517;1;1
96773;80517;0;1
8117;80517;0;1
59177;80517;0;1
67334;80517;0;1
116057;80517;0;1
8163;80517;0;1
8167;80517;0;1
93349;80517;0;1
92254;80517;0;1
66046;80517;0;1
105143;80517;0;1
8105;80517;0;1
83029;80543;0;1
99982;80543;0;1
67854;80543;0;1
8152;80543;0;1
110015;80543;0;1
101514;80543;0;1
8208;80543;0;1
8145;80543;0;1
38978;80543;0;1
8132;80543;0;1
72482;80543;0;1
8196;80543;0;1
74874;80543;0;1
8131;80543;0;1
8174;80543;0;1
85657;80543;0;1
8207;80543;0;1
38981;80543;0;1
73416;80543;0;1
8171;80543;0;1
38963;80543;0;1
8192;80543;0;1
8055;80672;1;0
8052;80672;1;0
74508;80672;1;1
3719;80672;1;0
38936;80672;1;0
78730;80672;1;0
8198;81094;1;1
8192;81094;1;0
8172;81094;1;0
8191;81094;1;0
8209;81094;1;0
8201;81094;1;0
8139;81094;1;0
38981;81094;1;0
8193;81094;1;0
73416;81094;0;1
38964;81337;0;1
38965;81337;0;1
84708;82770;0;1
38987;82770;0;1
38988;82770;0;1
38983;82770;0;1
108814;82784;1;1
78878;82784;1;0
84924;82784;1;0
65744;82784;0;1
76112;82784;0;1
80335;82784;0;1
8097;82784;0;1
63189;82784;0;1
57780;83029;1;1
8152;83029;0;1
8139;83029;0;1
74874;83029;0;1
116164;83029;0;1
38971;83029;0;1
8168;83029;1;1
8145;83029;0;1
8146;83029;1;1
87237;83029;0;1
8162;83029;1;1
8159;83029;0;1
99982;83029;0;1
55384;83029;1;1
8172;83029;1;1
67854;83029;0;1
73416;83029;0;1
38976;83029;0;1
8171;83029;1;1
8193;83029;0;1
8209;83029;0;1
8133;83029;1;1
8191;83029;0;1
108768;83029;0;1
38963;83029;0;1
92198;83029;0;1
101514;83029;0;1
8196;83029;0;1
92226;83029;0;1
80543;83029;0;1
8174;83029;0;1
8201;83029;0;1
8181;84454;0;1
3719;84454;0;1
38983;84708;0;1
82770;84708;0;1
38987;84708;0;1
38988;84708;0;1
100559;84924;0;1
70102;84924;1;0
78878;84924;1;1
8113;84924;0;1
104910;84924;0;1
38958;84924;1;1
38960;84924;1;1
82784;84924;1;0
39029;85072;1;1
39037;85072;1;1
8281;85072;1;1
74874;85657;1;1
38978;85657;0;1
8133;85657;1;1
8152;85657;1;1
67854;85657;0;1
8174;85657;1;1
8171;85657;0;1
72482;85657;0;1
8208;85657;0;1
8132;85657;0;1
87237;85657;0;1
80543;85657;0;1
101514;85657;0;1
8145;85657;0;1
8192;85657;0;1
99982;85657;0;1
73416;85657;0;1
8180;85657;1;0
110015;85657;0;1
92323;85657;0;1
38932;85773;0;1
8037;85773;1;0
66608;85773;0;1
8158;85889;0;1
8141;85889;0;1
110015;87237;0;1
67854;87237;0;1
99982;87237;0;1
38963;87237;1;1
85657;87237;0;1
55384;87237;1;1
8152;87237;1;1
8196;87237;0;1
8139;87237;1;1
83029;87237;0;1
8174;87237;1;1
38981;87237;0;1
74874;87237;1;1
8193;87237;1;0
8198;87237;0;1
8146;87237;1;1
73416;87237;0;1
72482;87237;0;1
8180;87237;0;1
8208;87237;0;1
89174;87237;0;1
8187;87237;0;1
8192;87237;0;1
116164;87237;0;1
8198;89174;0;1
73416;89174;0;1
74874;89174;0;1
72482;89174;0;1
67854;89174;0;1
8152;89174;0;1
87237;89174;0;1
8040;89910;0;1
68560;91368;0;1
39034;91368;0;1
39028;91368;0;1
39044;91368;0;1
8112;91368;0;1
8284;91368;0;1
38937;91368;0;1
55572;91368;0;1
8117;91368;0;1
8082;91368;0;1
8105;91368;0;1
76847;91368;0;1
67656;91368;0;1
8285;91368;0;1
8270;91368;0;1
8049;91368;0;1
71267;92198;0;1
8168;92198;0;1
8133;92198;0;1
55384;92198;0;1
8146;92198;0;1
8172;92198;0;1
38963;92198;0;1
8162;92198;0;1
8171;92198;0;1
83029;92198;0;1
57780;92198;0;1
2962;92218;0;1
83029;92226;0;1
70102;92226;1;0
8138;92226;0;1
111074;92243;0;1
112880;92254;0;1
69473;92254;0;1
67401;92254;0;1
93674;92254;0;1
8088;92254;0;1
54674;92254;0;1
107177;92254;0;1
80517;92254;0;1
93349;92254;0;1
116057;92254;0;1
67334;92254;0;1
65591;92254;0;1
73252;92254;0;1
96773;92254;0;1
8163;92254;0;1
8124;92254;0;1
66046;92254;0;1
104677;92254;0;1
8155;92254;0;1
38966;92254;0;1
112049;92254;0;1
8167;92254;0;1
111074;92307;0;1
85657;92323;0;1
67854;92323;0;1
112880;93349;0;1
93674;93349;0;1
92254;93349;0;1
65591;93349;0;1
80517;93349;0;1
116057;93349;0;1
38966;93349;0;1
104677;93349;0;1
96773;93349;0;1
67401;93349;0;1
8124;93349;0;1
8167;93349;0;1
69473;93349;0;1
54674;93349;0;1
112049;93349;0;1
107177;93349;0;1
67334;93349;0;1
66046;93349;0;1
8088;93349;0;1
73252;93349;0;1
8163;93349;0;1
80517;93674;0;1
8088;93674;0;1
54674;93674;0;1
66046;93674;0;1
67401;93674;0;1
69473;93674;0;1
107177;93674;0;1
116057;93674;0;1
65591;93674;0;1
96773;93674;0;1
92254;93674;0;1
8167;93674;0;1
67334;93674;0;1
38966;93674;0;1
104677;93674;0;1
8124;93674;0;1
112049;93674;0;1
8163;93674;0;1
73252;93674;0;1
112880;93674;0;1
93349;93674;0;1
78264;94634;1;1
42463;94634;1;1
54527;94634;1;0
76112;94634;1;0
59177;94715;0;1
67401;94715;0;1
69473;94715;0;1
74508;95881;0;1
38936;95881;0;1
38966;96773;0;1
69473;96773;0;1
8088;96773;0;1
59177;96773;0;1
66046;96773;1;1
63016;96773;1;1
92254;96773;0;1
112880;96773;0;1
65591;96773;1;1
116057;96773;0;1
67401;96773;1;1
107177;96773;0;1
104677;96773;0;1
8124;96773;0;1
112049;96773;0;1
93674;96773;0;1
8167;96773;0;1
80517;96773;0;1
73252;96773;0;1
93349;96773;0;1
67334;96773;0;1
54674;96773;0;1
8163;96773;0;1
38979;97226;0;1
8272;97226;0;1
8195;97226;0;1
8275;97226;0;1
114979;97226;0;1
8183;97226;0;1
111884;97226;0;1
64594;97226;0;1
38953;97226;0;1
72408;97226;0;1
80543;99982;0;1
83029;99982;0;1
8208;99982;0;1
8132;99982;0;1
8152;99982;0;1
8174;99982;0;1
8131;99982;0;1
85657;99982;0;1
72482;99982;0;1
8145;99982;0;1
87237;99982;0;1
67854;99982;0;1
38978;99982;0;1
74874;99982;0;1
101514;99982;0;1
116164;99982;0;1
8171;99982;0;1
8129;100272;1;1
8128;100272;1;1
8151;100272;1;1
38967;100272;1;1
3723;100272;1;1
8177;100272;1;1
8142;100272;1;0
8173;100272;1;1
104910;100559;0;1
84924;100559;0;1
78878;100559;0;1
59056;100559;0;1
38957;101310;0;1
8077;101310;0;1
80543;101514;0;1
85657;101514;0;1
38978;101514;0;1
8174;101514;0;1
8132;101514;0;1
8152;101514;0;1
83029;101514;0;1
8145;101514;0;1
8171;101514;0;1
74874;101514;0;1
8208;101514;0;1
72482;101514;0;1
67854;101514;0;1
99982;101514;0;1
63999;101538;0;1
38972;101538;0;1
64655;102130;0;1
3723;102130;0;1
65591;102130;0;1
109329;102130;0;1
8142;102130;0;1
8132;102130;0;1
55724;102755;0;1
8167;104677;0;1
67401;104677;0;1
54674;104677;0;1
65591;104677;0;1
66046;104677;0;1
8124;104677;0;1
116057;104677;0;1
96773;104677;0;1
112880;104677;0;1
63016;104677;0;1
92254;104677;0;1
73252;104677;0;1
67334;104677;0;1
93674;104677;0;1
112049;104677;0;1
69473;104677;0;1
80517;104677;0;1
8088;104677;0;1
8163;104677;0;1
107177;104677;0;1
38966;104677;0;1
59177;104677;0;1
93349;104677;0;1
84924;104910;0;1
59056;104910;0;1
100559;104910;0;1
78878;104910;0;1
80517;105143;0;1
8124;105143;0;1
112880;105143;0;1
8088;105143;0;1
112049;105143;0;1
54674;107177;0;1
8167;107177;0;1
112880;107177;0;1
116057;107177;0;1
93674;107177;0;1
92254;107177;0;1
80517;107177;0;1
8088;107177;0;1
8124;107177;0;1
112049;107177;0;1
67401;107177;0;1
73252;107177;0;1
38966;107177;0;1
65591;107177;0;1
69473;107177;0;1
104677;107177;0;1
96773;107177;0;1
8163;107177;0;1
93349;107177;0;1
67334;107177;0;1
66046;107177;0;1
63189;107499;0;1
39652;107499;0;1
8155;107499;0;1
38962;107883;1;1
8144;107883;1;1
76713;107883;0;1
8157;107883;1;1
108768;107883;1;1
8138;107883;1;0
8172;108768;0;1
107883;108768;1;1
8162;108768;0;1
74874;108768;0;1
8144;108768;1;0
8171;108768;0;1
8157;108768;1;0
8168;108768;0;1
55384;108768;0;1
8139;108768;0;1
83029;108768;0;1
38962;108768;1;0
67854;108768;0;1
77771;108814;1;1
82784;108814;1;1
78878;108814;1;0
65744;108814;0;1
8097;108814;1;0
8082;108814;1;0
102130;109329;0;1
64655;109329;0;1
3723;109329;0;1
8142;109329;0;1
65591;109329;0;1
8132;109329;0;1
67854;110015;0;1
87237;110015;0;1
38981;110015;0;1
8180;110015;0;1
73416;110015;0;1
8192;110015;0;1
80543;110015;0;1
38963;110015;0;1
8196;110015;0;1
85657;110015;0;1
8208;110015;0;1
8152;110015;0;1
8131;110015;0;1
92307;111074;0;1
92243;111074;0;1
61531;111074;0;1
60792;111546;1;1
61410;111546;1;1
38979;111884;0;1
8195;111884;0;1
8275;111884;0;1
38953;111884;0;1
114979;111884;0;1
97226;111884;0;1
64594;111884;0;1
8272;111884;0;1
72408;111884;0;1
67334;112049;0;1
66046;112049;0;1
59177;112049;0;1
80517;112049;0;1
8124;112049;0;1
69473;112049;0;1
8163;112049;0;1
8167;112049;0;1
8088;112049;0;1
104677;112049;0;1
73252;112049;0;1
92254;112049;0;1
116057;112049;0;1
112880;112049;0;1
93674;112049;0;1
38966;112049;0;1
67401;112049;0;1
54674;112049;0;1
65591;112049;0;1
105143;112049;0;1
93349;112049;0;1
107177;112049;0;1
96773;112049;0;1
8124;112880;1;1
112049;112880;0;1
8082;112880;0;1
67334;112880;0;1
96773;112880;0;1
8088;112880;1;1
69473;112880;0;1
66046;112880;0;1
80517;112880;1;1
73252;112880;0;1
92254;112880;0;1
107177;112880;0;1
104677;112880;0;1
54674;112880;0;1
8105;112880;0;1
8163;112880;0;1
116057;112880;0;1
8117;112880;0;1
38966;112880;0;1
105143;112880;0;1
8167;112880;0;1
59177;112880;0;1
65591;112880;0;1
67401;112880;0;1
93349;112880;0;1
93674;112880;0;1
8059;113133;1;0
8042;113133;0;1
38958;113222;1;1
38966;113222;1;1
8163;113222;1;1
66876;113222;1;1
8095;113222;0;1
67334;113222;1;1
8113;113222;1;1
74508;113222;0;1
73252;113222;1;1
8077;113222;1;1
38960;113222;0;1
58004;113222;0;1
8167;113222;1;1
38953;113222;0;1
70477;113222;0;1
8107;113222;0;1
8162;113728;0;1
8172;113728;0;1
8191;113728;0;1
111884;114979;0;1
8204;114979;0;1
38953;114979;0;1
8195;114979;0;1
8272;114979;0;1
8275;114979;0;1
38979;114979;0;1
8183;114979;0;1
64594;114979;0;1
72408;114979;0;1
97226;114979;0;1
104677;116057;0;1
69473;116057;0;1
112049;116057;0;1
66046;116057;0;1
63016;116057;0;1
92254;116057;0;1
8167;116057;0;1
8124;116057;0;1
67334;116057;0;1
67401;116057;0;1
38966;116057;0;1
96773;116057;0;1
93674;116057;0;1
8088;116057;0;1
80517;116057;0;1
65591;116057;0;1
112880;116057;0;1
93349;116057;0;1
73252;116057;0;1
8163;116057;0;1
107177;116057;0;1
54674;116057;0;1
59177;116057;0;1
8168;116164;1;1
8172;116164;1;1
67854;116164;0;1
8162;116164;1;1
99982;116164;0;1
8171;116164;1;1
74874;116164;0;1
8133;116164;1;1
83029;116164;0;1
8146;116164;1;1
8131;116164;0;1
87237;116164;0;1
57780;116164;0;1
8191;116164;1;1
73416;116164;0;1
38931;116369;0;1
8061;116369;0;1
